id,name,sex,sexuality,birthyear,scholar,transfer,main_workplace,value,type
abloh,Virgil Abloh,2,2,1980,2,4,usa,2,3
am,AMcQueen,NA,NA,NA,NA,NA,NA,1,2
annette,Annette de la Renta,1,NA,NA,NA,NA,NA,NA,1
armani,Giorgio Armani,2,3,1934,2,4,it,5,3
audigier,Christian Audigier,2,1,1958,1,4,usa,3,3
bailey,Christopher Bailey,2,2,1971,3,3,gb,2,3
bellucci,Monica Belluci,1,NA,NA,NA,NA,NA,NA,1
beyonce,Beyonce Knowles,1,NA,NA,NA,NA,NA,NA,1
blazy,Matthieu Blazy,2,2,1984,3,4,fr,NA,3
bu,Burberry,NA,NA,NA,NA,NA,NA,5,2
buendchen,Giselle Bundchen,1,NA,NA,NA,NA,NA,NA,1
bv,Bottega Veneta,NA,NA,NA,NA,NA,NA,5,2
c,Chanel,NA,NA,NA,NA,NA,NA,5,2
ca,CAudigier,NA,NA,NA,NA,NA,NA,2,2
cameron,Dove Cameron,1,NA,NA,NA,NA,NA,NA,1
cavalli,Roberto Cavalli,2,1,1940,3,2,it,3,3
ck,CKlein,,,,,,,5,2
coppola,Sofia Coppola,1,,,,,,,1
costa,Francisco Costa,2,2,1961,3,3,bra,2,3
d,Dior,,,,,,,5,2
dec,DEmanuel Couture,,,,,,,1,2
delevingne,Cara Delevingne,1,,,,,,,1
dg,DolceGabbana,,,,,,,5,2
doillon,Lou Doillon,1,,,,,,,1
dolce,Domenico Dolce,2,2,1958,2,2,it,5,3
ellis,Stella Ellis,1,,,,,,,1
emanuel,David Emanuel,2,1,1952,3,2,wal,2,3
evangelista,Linda Evangelista,1,,,,,,,1
ford,Tom Ford,2,2,1961,3,2,usa,5,3
g,Gucci,,,,,,,5,2
gabbana,Stefano Gabbana,2,2,1962,2,2,it,5,3
gaga,Lady Gaga,1,,,,,,,1
gal,Galliano,,,,,,,1,2
galliano,John Galliano,2,2,1960,3,3,gb,1,3
gaultier,Jean P. Gaultier,2,2,1952,3,4,fr,3,3
giabiconi,Baptiste Giabiconi,2,,,,,,,1
hadid,Gigi Hadid,1,,,,,,,1
he,Herrera,,,,,,,2,2
herrera,Carolina Herrera,1,1,1939,2,2,ven,3,3
hilfiger,Tommy Hilfiger,2,1,1951,1,1,usa,3,3
hill,Lauryn Hill,1,,,,,,,1
jacobs,Marc Jacobs,2,2,1963,3,2,usa,3,3
jenner,Kendall Jenner,1,,,,,,,1
jp,Jean Patou,,,,,,,1,2
jpg,JPGaultier,,,,,,,3,2
kahlo,Frida Kahlo,1,,,,,,,1
klein,Calvin Klein,2,3,1942,3,1,usa,4,3
kolibius,Felize Kolibius,1,,,,,,,1
kroenig,Brad Kroenig,2,,,,,,,1
lagerfeld,Karl Lagerfeld,2,2,1933,3,4,de,3,3
lamy,Michele Lamy,1,,,,,,,1
larson,Sarah Larson,1,,,,,,,1
lv,Louis Vuitton,,,,,,,5,2
m,Mugler,,,,,,,1,2
madonna,Madonna,1,,,,,,,1
mara,Rooney Mara,1,,,,,,,1
moss,Kate Moss,1,,,,,,,1
mugler,Thierry Mugler,2,2,1949,1,1,fr,1,3
neilson,Annabelle Neilson,1,,,,,,,1
o,Owens,,,,,,,2,2
or,Ode la Renta,,,,,,,1,2
owens,Rick Owens,2,1,1962,3,2,usa,1,3
queen,Alexander McQueen,2,2,1969,2,4,usa,1,3
rc,RCavalli,,,,,,,3,2
renta,Oscar de la Renta,2,1,1932,2,1,dr,1,3
schiffer,Claudia Schiffer,1,,,,,,,1
seymour,Jane Seymour,1,,,,,,,1
shields,Brooke Shields,1,,,,,,,1
stockbridge,Sara Stockbridge,1,,,,,,,1
th,THilfiger,,,,,,,3,2
towley,Mette Towley,1,,,,,,,1
v,Versace,,,,,,,5,2
versace,Donatella Versace,1,1,1955,2,1,it,3,3
westwood,Vivienne Westwood,1,1,1941,3,1,gb,1,3
williams,Pharell Williams,2,1,1973,1,2,usa,3,3
zendaya,Zendaya Coleman,1,,,,,,,1
